Workbook

Sheet Welcome
A1: Welcome
A7: Project Management Gantt Chart & Resource Planner
A12: MADE BY ADITYA SAHA SOUPARNO GOSWAMI MENTORED BY SIR SAYAN SAU

Sheet Project Overview
A1: Project Management Gantt Chart & Resource Planner
A16: KEY PROJECT METRICS
A17: Total Techniques | B17: Completed | C17: In Progress | D17: Not Started | E17: Overall Progress
A18: =COUNTA($L$33:$L$42) -> 10 | B18: =COUNTIF($L$33:$L$42,"Completed") -> 5 | C18: =COUNTIF($L$33:$L$42,"In Progress") -> 2 | D18: =COUNTIF($L$33:$L$42,"Not Started") -> 3 | E18: =IF(A18=0,0,B18/A18) -> 0.5
A20: QUICK NAVIGATION — CLICK TO JUMP TO ANY SHEET
A21: Sheet Name | B21: Type | C21: Description | N21: Click to Open
A22: Raw Data (153 rows) | B22: DATA | C22: 150 uncleaned records — messy names, dates, revenue & formats | N22: → Open Raw Data (153 rows)
A23: Cleaned Data (120 rows) | B23: DATA | C23: 150 standardised & validated records with cleaning flags | N23: → Open Cleaned Data (153 rows)
A24: Gantt Chart | B24: PLAN | C24: Full 26-week Gantt across 4 phases with colour-coded bars | N24: → Open Gantt Chart
A25: Resource Planner | B25: TEAM | C25: 7-person team: allocation, utilisation & workload by phase | N25: → Open Resource Planner
A26: Task Tracker | B26: TRACK | C26: Detailed task log with formulas, dependencies & review dates | N26: → Open Task Tracker
A27: Checklist | B27: REF | C27: Before/after raw→clean examples for all 10 techniques | N27: → Open Checklist
A28: Dashboard | B28: DASH | C28: High-level summary of project status, KPIs, milestones, and team performance at a glance | N28: →Open Dashboard
A29: KPI | B29: METRICS | C29: Key performance indicators tracking project health — completion rate, utilisation, quality scores, and progress vs targets | N29: →Open KPI
A31: 10 DATA CLEANING TECHNIQUES — OVERVIEW
A32: No. | B32: Technique | C32: Problem Solved | F32: Live Formula (click me!) | G32: Sample Input | J32: Phase | K32: Priority | L32: Status
A33: 1 | B33: Remove Duplicates — CRM Export Cleaning | C33: CRM Export Cleaning | F33: =COUNTIF($G$33:G33,G33)>1 -> FALSE | G33: ORD-1001 | J33: Phase 1 | K33: Critical | L33: Completed
A34: 2 | B34: Trim Extra Spaces — Customer Name Import | C34: Customer Name Import | F34: =TRIM(CLEAN(G34)) -> Priya Sharma | G34: Priya Sharma | J34: Phase 1 | K34: Critical | L34: Completed
A35: 3 | B35: Standardize Text Case — Region Codes | C35: Region Codes | F35: =PROPER(G35) -> North West | G35: north west | J35: Phase 1 | K35: High | L35: Completed
A36: 4 | B36: Fix Date Formats — Legacy System Dates | C36: Legacy System Dates | F36: =DATEVALUE(G36) -> 45320 | G36: 2024-01-29 | J36: Phase 2 | K36: Critical | L36: Completed
A37: 5 | B37: Handle Missing Values — Customer Database | C37: Customer Database | F37: =IF(G37="","Unknown",G37) -> Unknown | J37: Phase 2 | K37: High | L37: Completed
A38: 6 | B38: Split Combined Columns — Contact Database | C38: Contact Database | F38: =LEFT(G38,FIND(" ",G38)-1) -> Karan | G38: Karan Malhotra | J38: Phase 2 | K38: Medium | L38: In Progress
A39: 7 | B39: Remove Non-Numeric Chars — Revenue Data | C39: Revenue Data | F39: =VALUE(SUBSTITUTE(SUBSTITUTE(G39,"Rs. ",""),",","")) -> 150000 | G39: Rs. 1,50,000 | J39: Phase 3 | K39: Critical | L39: In Progress
A40: 8 | B40: Validate Data Ranges — HR Age Dataset | C40: HR Age Dataset | F40: =IF(AND(G40>=18,G40<=65),"Valid","Invalid") -> Valid | G40: 45 | J40: Phase 3 | K40: High | L40: Not Started
A41: 9 | B41: Standardize Category Labels — Product SKU | C41: Product SKU | F41: =PROPER(G41) -> Electronics | G41: electronics | J41: Phase 3 | K41: High | L41: Not Started
A42: 10 | B42: Combine & Reconcile Columns — Address | C42: Address | F42: =G42&", Mumbai, 400001" -> 123 Main St, Mumbai, 400001 | G42: 123 Main St | J42: Phase 4 | K42: Medium | L42: Not Started

Sheet Raw Data
A1: RAW DATA — 153 Records (Uncleaned with Null/Wrong Values) | Project Management Dashboard
O2: ← Back to Project Overview
A3: # | B3: Task / Technique | C3: Phase | D3: Assigned To | E3: Department | F3: Start Date | G3: End Date | H3: Duration (Days) | I3: Status | J3: % Complete | K3: Priority | L3: Daily Rate (₹) | M3: Hours | N3: Revenue (Raw) | O3: Notes
A4: 1 | B4: Remove Duplicates — CRM Export Cleaning | C4: PHASE1 | D4: Sunita Verma | E4: BI & Analytics | F4: 2024-02-06 | H4: =IF(OR(F4="",G4=""),"",G4-F4) | I4: =IFERROR(IF(VALUE(SUBSTITUTE(SUBSTITUTE(J4,"%","")," ",""))<=0,"Not Started",IF(VALUE(SUBSTITUTE(SUBSTITUTE(J4,"%","")," ",""))>=100,"Completed","In Progress")),"Not Started") -> In Progress | J4: 40 | K4: Low | L4: 3000 | M4: =IF(H4="","",H4*8) | N4: =IF(OR(L4="",H4=""),"",L4*H4) | O4: —
A5: 2 | B5: Trim Extra Spaces — Customer Name Import | C5: PHASE 2 | D5: deepa krishnan | E5: business intel. | F5: 2024-05-15 | H5: =IF(OR(F5="",G5=""),"",G5-F5) | I5: =IFERROR(IF(VALUE(SUBSTITUTE(SUBSTITUTE(J5,"%","")," ",""))<=0,"Not Started",IF(VALUE(SUBSTITUTE(SUBSTITUTE(J5,"%","")," ",""))>=100,"Completed","In Progress")),"Not Started") -> Completed | J5: 100.00% | K5: LOW | L5: ₹4200 | M5: =IF(H5="","",H5*8) | N5: =IF(OR(L5="",H5=""),"",L5*H5) | O5: —
A6: 3 | B6: Standardize Text Case — Region Codes | C6: Phase 3 | D6: Amit Roy | E6: DATA PLATFORM | F6: 01/25/2024 | H6: =IF(OR(F6="",G6=""),"",G6-F6) | I6: =IFERROR(IF(VALUE(SUBSTITUTE(SUBSTITUTE(J6,"%","")," ",""))<=0,"Not Started",IF(VALUE(SUBSTITUTE(SUBSTITUTE(J6,"%","")," ",""))>=100,"Completed","In Progress")),"Not Started") -> In Progress | J6: 25 | K6: high | L6: ₹4200 | M6: =IF(H6="","",H6*8) | N6: =IF(OR(L6="",H6=""),"",L6*H6) | O6: —
A7: 4 | B7: Fix Date Formats — Legacy System Dates | C7: PHASE4 | D7: neha joshi | E7: QUALITY ASSUR. | F7: 2024-03-17 | H7: =IF(OR(F7="",G7=""),"",G7-F7) | I7: =IFERROR(IF(VALUE(SUBSTITUTE(SUBSTITUTE(J7,"%","")," ",""))<=0,"Not Started",IF(VALUE(SUBSTITUTE(SUBSTITUTE(J7,"%","")," ",""))>=100,"Completed","In Progress")),"Not Started") -> Not Started | J7: 0 | K7: CRITICAL | L7: ₹2,000 | M7: =IF(H7="","",H7*8) | N7: =IF(OR(L7="",H7=""),"",L7*H7) | O7: —
A8: 5 | B8: Handle Missing Values — Customer Database | C8: PHASE1 | D8: Deepa Krishnan | E8: PMO | F8: 15-05-2024 | H8: =IF(OR(F8="",G8=""),"",G8-F8) | I8: =IFERROR(IF(VALUE(SUBSTITUTE(SUBSTITUTE(J8,"%","")," ",""))<=0,"Not Started",IF(VALUE(SUBSTITUTE(SUBSTITUTE(J8,"%","")," ",""))>=100,"Completed","In Progress")),"Not Started") -> Completed | J8: 100 % | K8: high | L8: INR 5,500 | M8: =IF(H8="","",H8*8) | N8: =IF(OR(L8="",H8=""),"",L8*H8) | O8: —
A9: 6 | B9: Split Combined Columns — Contact Database | C9: phase 2 | D9: DEEPA KRISHNAN | E9: BI & ANALYTICS | F9: 2024-02-08 | H9: =IF(OR(F9="",G9=""),"",G9-F9) | I9: =IFERROR(IF(VALUE(SUBSTITUTE(SUBSTITUTE(J9,"%","")," ",""))<=0,"Not Started",IF(VALUE(SUBSTITUTE(SUBSTITUTE(J9,"%","")," ",""))>=100,"Completed","In Progress")),"Not Started") -> In Progress | J9: 25.00% | K9: CRITICAL | L9: Rs. 3,500 | M9: =IF(H9="","",H9*8) | N9: =IF(OR(L9="",H9=""),"",L9*H9) | O9: Extra spaces detected
A10: 7 | B10: Trim Extra Spaces — Customer Name Import | C10: PHASE 2 | E10: business intel. | F10: 2024-05-15 | H10: =IF(OR(F10="",G10=""),"",G10-F10) | I10: =IFERROR(IF(VALUE(SUBSTITUTE(SUBSTITUTE(J10,"%","")," ",""))<=0,"Not Started",IF(VALUE(SUBSTITUTE(SUBSTITUTE(J10,"%","")," ",""))>=100,"Completed","In Progress")),"Not Started") -> Completed | J10: 100.00% | K10: LOW | L10: ₹4200 | M10: =IF(H10="","",H10*8) | N10: =IF(OR(L10="",H10=""),"",L10*H10) | O10: —
A11: 8 | B11: Validate Data Ranges — HR Age Dataset | C11: PHASE4 | D11: Siddharth Rao | E11: biz intel | F11: 02/18/2024 | H11: =IF(OR(F11="",G11=""),"",G11-F11) | I11: =IFERROR(IF(VALUE(SUBSTITUTE(SUBSTITUTE(J11,"%","")," ",""))<=0,"Not Started",IF(VALUE(SUBSTITUTE(SUBSTITUTE(J11,"%","")," ",""))>=100,"Completed","In Progress")),"Not Started") -> Completed | J11: 100.00% | K11: Low | L11: Rs. 4,000 | M11: =IF(H11="","",H11*8) | N11: =IF(OR(L11="",H11=""),"",L11*H11) | O11: —
A12: 9 | B12: Standardize Category Labels — Product SKU | C12: PHASE 1 | D12: Meera Pillai | E12: Quality Assur. | F12: 32/13/2024 | H12: =IF(OR(F12="",G12=""),"",G12-F12) | I12: =IFERROR(IF(VALUE(SUBSTITUTE(SUBSTITUTE(J12,"%","")," ",""))<=0,"Not Started",IF(VALUE(SUBSTITUTE(SUBSTITUTE(J12,"%","")," ",""))>=100,"Completed","In Progress")),"Not Started") -> In Progress | J12: 50.00% | K12: low | L12: Rs.5000 | M12: =IF(H12="","",H12*8) | N12: =IF(OR(L12="",H12=""),"",L12*H12) | O12: Re-run TRIM
A13: 10 | B13: duplicate cleanup | C13: PHASE2 | D13: Rohit Gupta | E13: pmo | F13: 2024-01-19 | H13: =IF(OR(F13="",G13=""),"",G13-F13) | I13: =IFERROR(IF(VALUE(SUBSTITUTE(SUBSTITUTE(J13,"%","")," ",""))<=0,"Not Started",IF(VALUE(SUBSTITUTE(SUBSTITUTE(J13,"%","")," ",""))>=100,"Completed","In Progress")),"Not Started") -> In Progress | J13: 75.00% | K13: medium | L13: Rs. 3,500 | M13: =IF(H13="","",H13*8) | N13: =IF(OR(L13="",H13=""),"",L13*H13) | O13: —
A14: 11 | B14: Remove Duplicates — CRM Export Cleaning | C14: phase-2 | D14: Meera Pillai | E14: BI & Analytics | F14: 2024-05-07 | H14: =IF(OR(F14="",G14=""),"",G14-F14) | I14: =IFERROR(IF(VALUE(SUBSTITUTE(SUBSTITUTE(J14,"%","")," ",""))<=0,"Not Started",IF(VALUE(SUBSTITUTE(SUBSTITUTE(J14,"%","")," ",""))>=100,"Completed","In Progress")),"Not Started") -> In Progress | J14: 25% | K14: Low | L14: 3000 | M14: =IF(H14="","",H14*8) | N14: =IF(OR(L14="",H14=""),"",L14*H14) | O14: Awaiting sign-off
A15: 12 | B15: Trim Extra Spaces — Customer Name Import | C15: PHASE 4 | D15: Lakshmi Nair | E15: BUSINESS INTEL. | F15: 2024-04-22 | G15: 2024-02-01 | H15: =IF(OR(F15="",G15=""),"",G15-F15) -> -81 | I15: =IFERROR(IF(VALUE(SUBSTITUTE(SUBSTITUTE(J15,"%","")," ",""))<=0,"Not Started",IF(VALUE(SUBSTITUTE(SUBSTITUTE(J15,"%","")," ",""))>=100,"Completed","In Progress")),"Not Started") -> Not Started | J15: 0% | K15: Medium | L15: Rs.5000 | M15: =IF(H15="","",H15*8) -> -648 | N15: =IF(OR(L15="",H15=""),"",L15*H15) -> #VALUE! | O15: Check formula
A16: 13 | B16: Standardize Text Case — Region Codes | C16: PHASE1 | D16: 12345 | E16: data platform | F16: 22-02-2024 | H16: =IF(OR(F16="",G16=""),"",G16-F16) | I16: =IFERROR(IF(VALUE(SUBSTITUTE(SUBSTITUTE(J16,"%","")," ",""))<=0,"Not Started",IF(VALUE(SUBSTITUTE(SUBSTITUTE(J16,"%","")," ",""))>=100,"Completed","In Progress")),"Not Started") -> Completed | J16: 100 | K16: MEDIUM | L16: Rs.5000 | M16: =IF(H16="","",H16*8) | N16: =IF(OR(L16="",H16=""),"",L16*H16) | O16: Needs validation
A17: 14 | C17: Phase 2 | D17: Priya Sharma | E17: QUALITY ASSUR. | F17: 01/27/2024 | H17: 28 | I17: completed | J17: 0 % | K17: MEDIUM | L17: Rs.5000 | M17: TBD | N17: Rs.514492 | O17: Check formula
A18: 15 | B18: Handle Missing Values — Customer Database | C18: PHASE 3 | D18: RAHUL MEHTA | F18: 02/20/2024 | H18: =IF(OR(F18="",G18=""),"",G18-F18) | I18: =IFERROR(IF(VALUE(SUBSTITUTE(SUBSTITUTE(J18,"%","")," ",""))<=0,"Not Started",IF(VALUE(SUBSTITUTE(SUBSTITUTE(J18,"%","")," ",""))>=100,"Completed","In Progress")),"Not Started") -> In Progress | J18: 25 % | K18: CRITICAL | L18: 3000 | M18: =IF(H18="","",H18*8) | N18: =IF(OR(L18="",H18=""),"",L18*H18) | O18: Verified OK
A19: 16 | B19: Split Combined Columns — Contact Database | C19: Phase 4 | D19: Rahul Mehta | E19: BI & ANALYTICS | F19: Not Available | H19: =IF(OR(F19="",G19=""),"",G19-F19) | I19: =IFERROR(IF(VALUE(SUBSTITUTE(SUBSTITUTE(J19,"%","")," ",""))<=0,"Not Started",IF(VALUE(SUBSTITUTE(SUBSTITUTE(J19,"%","")," ",""))>=100,"Completed","In Progress")),"Not Started") -> In Progress | J19: 25.00% | K19: high | L19: INR 5,500 | M19: =IF(H19="","",H19*8) | N19: =IF(OR(L19="",H19=""),"",L19*H19) | O19: Extra spaces detected
A20: 17 | B20: Remove Non-Numeric Chars — Revenue Data | C20: PH 5 | D20: SUNITA VERMA | E20: Business Intel. | F20: 2024-01-21 | H20: =IF(OR(F20="",G20=""),"",G20-F20) | I20: =IFERROR(IF(VALUE(SUBSTITUTE(SUBSTITUTE(J20,"%","")," ",""))<=0,"Not Started",IF(VALUE(SUBSTITUTE(SUBSTITUTE(J20,"%","")," ",""))>=100,"Completed","In Progress")),"Not Started") -> Not Started | J20: 0 | K20: HIGH | L20: Rs. 4,000 | M20: =IF(H20="","",H20*8) | N20: =IF(OR(L20="",H20=""),"",L20*H20) | O20: Pending review
A21: 18 | B21: Validate Data Ranges — HR Age Dataset | C21: PHASE2 | D21: Vikram Nair | E21: data platform | F21: 02/06/2024 | H21: =IF(OR(F21="",G21=""),"",G21-F21) | I21: =IFERROR(IF(VALUE(SUBSTITUTE(SUBSTITUTE(J21,"%","")," ",""))<=0,"Not Started",IF(VALUE(SUBSTITUTE(SUBSTITUTE(J21,"%","")," ",""))>=100,"Completed","In Progress")),"Not Started") -> In Progress | J21: 75% | K21: high | L21: Rs. 4,000 | M21: =IF(H21="","",H21*8) | N21: =IF(OR(L21="",H21=""),"",L21*H21) | O21: —
A22: 19 | B22: Standardize Category Labels — Product SKU | C22: PHASE3 | D22: NEHA JOSHI | E22: QUALITY ASSUR. | F22: 18-04-2024 | H22: =IF(OR(F22="",G22=""),"",G22-F22) | I22: =IFERROR(IF(VALUE(SUBSTITUTE(SUBSTITUTE(J22,"%","")," ",""))<=0,"Not Started",IF(VALUE(SUBSTITUTE(SUBSTITUTE(J22,"%","")," ",""))>=100,"Completed","In Progress")),"Not Started") -> Not Started | J22: 0 | K22: CRITICAL | L22: ₹4200 | M22: =IF(H22="","",H22*8) | N22: =IF(OR(L22="",H22=""),"",L22*H22) | O22: Verified OK
A23: 20 | B23: Combine & Reconcile Columns — Address | C23: Phase 4 | D23: Arjun Pillai | E23: PMO | F23: 27-03-2024 | H23: =IF(OR(F23="",G23=""),"",G23-F23) | I23: =IFERROR(IF(VALUE(SUBSTITUTE(SUBSTITUTE(J23,"%","")," ",""))<=0,"Not Started",IF(VALUE(SUBSTITUTE(SUBSTITUTE(J23,"%","")," ",""))>=100,"Completed","In Progress")),"Not Started") -> Completed | J23: 100.00% | K23: medium | L23: ₹2,000 | M23: =IF(H23="","",H23*8) | N23: =IF(OR(L23="",H23=""),"",L23*H23) | O23: Needs validation
A24: 21 | B24: Remove Duplicates — CRM Export Cleaning | C24: phase 1 | D24: pooja iyer | E24: bi & analytics | F24: 07-05-2024 | H24: =IF(OR(F24="",G24=""),"",G24-F24) | I24: =IFERROR(IF(VALUE(SUBSTITUTE(SUBSTITUTE(J24,"%","")," ",""))<=0,"Not Started",IF(VALUE(SUBSTITUTE(SUBSTITUTE(J24,"%","")," ",""))>=100,"Completed","In Progress")),"Not Started") -> In Progress | J24: 25 | K24: high | L24: ₹4200 | M24: =IF(H24="","",H24*8) | N24: =IF(OR(L24="",H24=""),"",L24*H24) | O24: Check formula
A25: 22 | B25: Trim Extra Spaces — Customer Name Import | C25: phase 2 | D25: POOJA IYER | E25: BUSINESS INTEL. | F25: 2024-02-22 | H25: =IF(OR(F25="",G25=""),"",G25-F25) | I25: =IFERROR(IF(VALUE(SUBSTITUTE(SUBSTITUTE(J25,"%","")," ",""))<=0,"Not Started",IF(VALUE(SUBSTITUTE(SUBSTITUTE(J25,"%","")," ",""))>=100,"Completed","In Progress")),"Not Started") -> In Progress | J25: 40 % | K25: critical | L25: 3000 | M25: =IF(H25="","",H25*8) | N25: =IF(OR(L25="",H25=""),"",L25*H25) | O25: —
A26: 23 | B26: Split Combined Columns — Contact Database | C26: phase 2 | D26: DEEPA KRISHNAN | E26: BI & ANALYTICS | F26: 2024-02-08 | H26: =IF(OR(F26="",G26=""),"",G26-F26) | I26: =IFERROR(IF(VALUE(SUBSTITUTE(SUBSTITUTE(J26,"%","")," ",""))<=0,"Not Started",IF(VALUE(SUBSTITUTE(SUBSTITUTE(J26,"%","")," ",""))>=100,"Completed","In Progress")),"Not Started") -> In Progress | J26: 25.00% | K26: CRITICAL | L26: Rs. 3,500 | M26: =IF(H26="","",H26*8) | N26: =IF(OR(L26="",H26=""),"",L26*H26) | O26: Extra spaces detected
A27: 24 | B27: Fix Date Formats — Legacy System Dates | C27: PHASE4 | D27: Karan Malhotra | E27: QUALITY ASSUR. | F27: 23-03-2024 | H27: =IF(OR(F27="",G27=""),"",G27-F27) | I27: =IFERROR(IF(VALUE(SUBSTITUTE(SUBSTITUTE(J27,"%","")," ",""))<=0,"Not Started",IF(VALUE(SUBSTITUTE(SUBSTITUTE(J27,"%","")," ",""))>=100,"Completed","In Progress")),"Not Started") -> Completed | J27: 100.00% | K27: Critical | L27: Rs. 4,000 | M27: =IF(H27="","",H27*8) | N27: =IF(OR(L27="",H27=""),"",L27*H27) | O27: Needs validation
A28: 25 | B28: Handle Missing Values — Customer Database | C28: Phase 1 | D28: rohit gupta | E28: pmo | F28: 01/11/2024 | H28: =IF(OR(F28="",G28=""),"",G28-F28) | I28: =IFERROR(IF(VALUE(SUBSTITUTE(SUBSTITUTE(J28,"%","")," ",""))<=0,"Not Started",IF(VALUE(SUBSTITUTE(SUBSTITUTE(J28,"%","")," ",""))>=100,"Completed","In Progress")),"Not Started") -> In Progress | J28: 40.00% | K28: CRITICAL | L28: Rs.5000 | M28: =IF(H28="","",H28*8) | N28: =IF(OR(L28="",H28=""),"",L28*H28) | O28: Pending review
A29: 26 | B29: Split Combined Columns — Contact Database | C29: phase 2 | D29: ananya singh | E29: BI & Analytics | F29: 2024-01-07 | H29: =IF(OR(F29="",G29=""),"",G29-F29) | I29: =IFERROR(IF(VALUE(SUBSTITUTE(SUBSTITUTE(J29,"%","")," ",""))<=0,"Not Started",IF(VALUE(SUBSTITUTE(SUBSTITUTE(J29,"%","")," ",""))>=100,"Completed","In Progress")),"Not Started") -> Not Started | J29: 0.00% | K29: MEDIUM | L29: Rs. 4,000 | M29: =IF(H29="","",H29*8) | N29: =IF(OR(L29="",H29=""),"",L29*H29) | O29: Extra spaces detected
A30: 27 | B30: Remove Non-Numeric Chars — Revenue Data | C30: phase 3 | D30: Rohit Gupta | E30: BUSINESS INTEL. | F30: 2024-05-23 | H30: =IF(OR(F30="",G30=""),"",G30-F30) | I30: =IFERROR(IF(VALUE(SUBSTITUTE(SUBSTITUTE(J30,"%","")," ",""))<=0,"Not Started",IF(VALUE(SUBSTITUTE(SUBSTITUTE(J30,"%","")," ",""))>=100,"Completed","In Progress")),"Not Started") -> Completed | J30: 100 | K30: high | L30: ₹4200 | M30: =IF(H30="","",H30*8) | N30: =IF(OR(L30="",H30=""),"",L30*H30) | O30: Extra spaces detected
... A153: 150 | B153: Combine & Reconcile Columns — Address | C153: phase 2 | D153: lakshmi nair | E153: pmo | F153: 2024-06-18 | H153: =IF(OR(F153="",G153=""),"",G153-F153) | I153: =IFERROR(IF(VALUE(SUBSTITUTE(SUBSTITUTE(J153,"%","")," ",""))<=0,"Not Started",IF(VALUE(SUBSTITUTE(SUBSTITUTE(J153,"%","")," ",""))>=100,"Completed","In Progress")),"Not Started") -> Not Started | J153: 0 | K153: HIGH | L153: ₹2,000 | M153: =IF(H153="","",H153*8) | N153: =IF(OR(L153="",H153=""),"",L153*H153) | O153: Needs validation

Sheet Cleaned Data
A1: CLEANED DATA — 120 Records (Standardised & Validated) | Project Management Dashboard
P2: ← Back to Project Overview
A3: # | B3: Task / Technique | C3: Phase | D3: Assigned To | E3: Department | F3: Start Date | G3: End Date | H3: Duration (Days) | I3: Status | J3: % Complete | K3: Priority | L3: Daily Rate (₹) | M3: Hours | N3: Revenue (₹) | O3: Notes | P3: Flag
A4: 1 | B4: Remove Duplicates — CRM Export Cleaning | C4: Phase 1 | D4: Rahul Mehta | E4: BI & Analytics | F4: 45375 | G4: 45385 | H4: =IF(OR(F4="",G4=""),"",G4-F4) -> 10 | I4: =IFERROR(IF(VALUE(SUBSTITUTE(SUBSTITUTE(J4,"%","")," ",""))<=0,"Not Started",IF(VALUE(SUBSTITUTE(SUBSTITUTE(J4,"%","")," ",""))>=100,"Completed","In Progress")),"Not Started") -> In Progress | J4: 1 | K4: High | L4: 2000 | M4: 140 | N4: =IF(OR(L4="",H4=""),"",L4*H4) -> 20000 | O4: Extra spaces detected | P4: =IFERROR(IF(VALUE(SUBSTITUTE(SUBSTITUTE(J4,"%","")," ",""))>=100,"Completed",IF(VALUE(SUBSTITUTE(SUBSTITUTE(J4,"%","")," ",""))<=0,"Not Started","In Progress")),"Not Started") -> In Progress
A5: 2 | B5: Trim Extra Spaces — Customer Name Import | C5: Phase 2 | D5: Sunita Verma | E5: Business Intel. | F5: 45420 | G5: 45427 | H5: =IF(OR(F5="",G5=""),"",G5-F5) -> 7 | I5: =IFERROR(IF(VALUE(SUBSTITUTE(SUBSTITUTE(J5,"%","")," ",""))<=0,"Not Started",IF(VALUE(SUBSTITUTE(SUBSTITUTE(J5,"%","")," ",""))>=100,"Completed","In Progress")),"Not Started") -> In Progress | J5: 1 | K5: Critical | L5: 4000 | M5: 100 | N5: =IF(OR(L5="",H5=""),"",L5*H5) -> 28000 | O5: Extra spaces detected | P5: =IFERROR(IF(VALUE(SUBSTITUTE(SUBSTITUTE(J5,"%","")," ",""))>=100,"Completed",IF(VALUE(SUBSTITUTE(SUBSTITUTE(J5,"%","")," ",""))<=0,"Not Started","In Progress")),"Not Started") -> In Progress
A6: 3 | B6: Standardize Text Case — Region Codes | C6: Phase 3 | D6: Sunita Verma | E6: Data Platform | F6: 45338 | G6: 45350 | H6: =IF(OR(F6="",G6=""),"",G6-F6) -> 12 | I6: =IFERROR(IF(VALUE(SUBSTITUTE(SUBSTITUTE(J6,"%","")," ",""))<=0,"Not Started",IF(VALUE(SUBSTITUTE(SUBSTITUTE(J6,"%","")," ",""))>=100,"Completed","In Progress")),"Not Started") -> Not Started | J6: 0 | K6: Critical | L6: 4200 | M6: 140 | N6: =IF(OR(L6="",H6=""),"",L6*H6) -> 50400 | O6: — | P6: =IFERROR(IF(VALUE(SUBSTITUTE(SUBSTITUTE(J6,"%","")," ",""))>=100,"Completed",IF(VALUE(SUBSTITUTE(SUBSTITUTE(J6,"%","")," ",""))<=0,"Not Started","In Progress")),"Not Started") -> Not Started
A7: 4 | B7: Fix Date Formats — Legacy System Dates | C7: Phase 4 | D7: Sunita Verma | E7: Quality Assur. | F7: 45341 | G7: 45348 | H7: =IF(OR(F7="",G7=""),"",G7-F7) -> 7 | I7: =IFERROR(IF(VALUE(SUBSTITUTE(SUBSTITUTE(J7,"%","")," ",""))<=0,"Not Started",IF(VALUE(SUBSTITUTE(SUBSTITUTE(J7,"%","")," ",""))>=100,"Completed","In Progress")),"Not Started") -> In Progress | J7: 0.75 | K7: High | L7: 4200 | M7: 0 | N7: =IF(OR(L7="",H7=""),"",L7*H7) -> 29400 | O7: Pending review | P7: =IFERROR(IF(VALUE(SUBSTITUTE(SUBSTITUTE(J7,"%","")," ",""))>=100,"Completed",IF(VALUE(SUBSTITUTE(SUBSTITUTE(J7,"%","")," ",""))<=0,"Not Started","In Progress")),"Not Started") -> In Progress
A8: 5 | B8: Handle Missing Values — Customer Database | C8: Phase 1 | D8: Arjun Pillai | E8: PMO | F8: 45346 | G8: 45374 | H8: =IF(OR(F8="",G8=""),"",G8-F8) -> 28 | I8: =IFERROR(IF(VALUE(SUBSTITUTE(SUBSTITUTE(J8,"%","")," ",""))<=0,"Not Started",IF(VALUE(SUBSTITUTE(SUBSTITUTE(J8,"%","")," ",""))>=100,"Completed","In Progress")),"Not Started") -> Not Started | J8: 0 | K8: Critical | L8: 4200 | M8: 0 | N8: =IF(OR(L8="",H8=""),"",L8*H8) -> 117600 | O8: Pending review | P8: =IFERROR(IF(VALUE(SUBSTITUTE(SUBSTITUTE(J8,"%","")," ",""))>=100,"Completed",IF(VALUE(SUBSTITUTE(SUBSTITUTE(J8,"%","")," ",""))<=0,"Not Started","In Progress")),"Not Started") -> Not Started
A9: 6 | B9: Split Combined Columns — Contact Database | C9: Phase 2 | D9: Arjun Pillai | E9: BI & Analytics | F9: 45433 | G9: 45440 | H9: =IF(OR(F9="",G9=""),"",G9-F9) -> 7 | I9: =IFERROR(IF(VALUE(SUBSTITUTE(SUBSTITUTE(J9,"%","")," ",""))<=0,"Not Started",IF(VALUE(SUBSTITUTE(SUBSTITUTE(J9,"%","")," ",""))>=100,"Completed","In Progress")),"Not Started") -> In Progress | J9: 1 | K9: Critical | L9: 5500 | M9: 168 | N9: =IF(OR(L9="",H9=""),"",L9*H9) -> 38500 | O9: Extra spaces detected | P9: =IFERROR(IF(VALUE(SUBSTITUTE(SUBSTITUTE(J9,"%","")," ",""))>=100,"Completed",IF(VALUE(SUBSTITUTE(SUBSTITUTE(J9,"%","")," ",""))<=0,"Not Started","In Progress")),"Not Started") -> In Progress
A10: 7 | B10: Remove Non-Numeric Chars — Revenue Data | C10: Phase 3 | D10: Karan Malhotra | E10: Business Intel. | F10: 45412 | G10: 45426 | H10: =IF(OR(F10="",G10=""),"",G10-F10) -> 14 | I10: =IFERROR(IF(VALUE(SUBSTITUTE(SUBSTITUTE(J10,"%","")," ",""))<=0,"Not Started",IF(VALUE(SUBSTITUTE(SUBSTITUTE(J10,"%","")," ",""))>=100,"Completed","In Progress")),"Not Started") -> In Progress | J10: 1 | K10: High | L10: 5500 | M10: 168 | N10: =IF(OR(L10="",H10=""),"",L10*H10) -> 77000 | O10: — | P10: =IFERROR(IF(VALUE(SUBSTITUTE(SUBSTITUTE(J10,"%","")," ",""))>=100,"Completed",IF(VALUE(SUBSTITUTE(SUBSTITUTE(J10,"%","")," ",""))<=0,"Not Started","In Progress")),"Not Started") -> In Progress
A11: 8 | B11: Validate Data Ranges — HR Age Dataset | C11: Phase 4 | D11: Karan Malhotra | E11: Data Platform | F11: 45302 | G11: 45330 | H11: =IF(OR(F11="",G11=""),"",G11-F11) -> 28 | I11: =IFERROR(IF(VALUE(SUBSTITUTE(SUBSTITUTE(J11,"%","")," ",""))<=0,"Not Started",IF(VALUE(SUBSTITUTE(SUBSTITUTE(J11,"%","")," ",""))>=100,"Completed","In Progress")),"Not Started") -> Not Started | J11: 0 | K11: Low | L11: 3500 | M11: 0 | N11: =IF(OR(L11="",H11=""),"",L11*H11) -> 98000 | O11: — | P11: =IFERROR(IF(VALUE(SUBSTITUTE(SUBSTITUTE(J11,"%","")," ",""))>=100,"Completed",IF(VALUE(SUBSTITUTE(SUBSTITUTE(J11,"%","")," ",""))<=0,"Not Started","In Progress")),"Not Started") -> Not Started
A12: 9 | B12: Standardize Category Labels — Product SKU | C12: Phase 1 | D12: Siddharth Rao | E12: Quality Assur. | F12: 45316 | G12: 45326 | H12: =IF(OR(F12="",G12=""),"",G12-F12) -> 10 | I12: =IFERROR(IF(VALUE(SUBSTITUTE(SUBSTITUTE(J12,"%","")," ",""))<=0,"Not Started",IF(VALUE(SUBSTITUTE(SUBSTITUTE(J12,"%","")," ",""))>=100,"Completed","In Progress")),"Not Started") -> Not Started | J12: 0 | K12: Critical | L12: 5500 | M12: 0 | N12: =IF(OR(L12="",H12=""),"",L12*H12) -> 55000 | O12: — | P12: =IFERROR(IF(VALUE(SUBSTITUTE(SUBSTITUTE(J12,"%","")," ",""))>=100,"Completed",IF(VALUE(SUBSTITUTE(SUBSTITUTE(J12,"%","")," ",""))<=0,"Not Started","In Progress")),"Not Started") -> Not Started
A13: 10 | B13: Combine & Reconcile Columns — Address | C13: Phase 2 | D13: Pooja Iyer | E13: PMO | F13: 45307 | G13: 45321 | H13: =IF(OR(F13="",G13=""),"",G13-F13) -> 14 | I13: =IFERROR(IF(VALUE(SUBSTITUTE(SUBSTITUTE(J13,"%","")," ",""))<=0,"Not Started",IF(VALUE(SUBSTITUTE(SUBSTITUTE(J13,"%","")," ",""))>=100,"Completed","In Progress")),"Not Started") -> In Progress | J13: 0.75 | K13: Critical | L13: 2000 | M13: 120 | N13: =IF(OR(L13="",H13=""),"",L13*H13) -> 28000 | O13: — | P13: =IFERROR(IF(VALUE(SUBSTITUTE(SUBSTITUTE(J13,"%","")," ",""))>=100,"Completed",IF(VALUE(SUBSTITUTE(SUBSTITUTE(J13,"%","")," ",""))<=0,"Not Started","In Progress")),"Not Started") -> In Progress
A14: 11 | B14: Remove Duplicates — CRM Export Cleaning | C14: Phase 3 | D14: Meera Pillai | E14: BI & Analytics | F14: 45413 | G14: 45420 | H14: =IF(OR(F14="",G14=""),"",G14-F14) -> 7 | I14: =IFERROR(IF(VALUE(SUBSTITUTE(SUBSTITUTE(J14,"%","")," ",""))<=0,"Not Started",IF(VALUE(SUBSTITUTE(SUBSTITUTE(J14,"%","")," ",""))>=100,"Completed","In Progress")),"Not Started") -> In Progress | J14: 0.4 | K14: High | L14: 3000 | M14: 80 | N14: =IF(OR(L14="",H14=""),"",L14*H14) -> 21000 | O14: Check formula | P14: =IFERROR(IF(VALUE(SUBSTITUTE(SUBSTITUTE(J14,"%","")," ",""))>=100,"Completed",IF(VALUE(SUBSTITUTE(SUBSTITUTE(J14,"%","")," ",""))<=0,"Not Started","In Progress")),"Not Started") -> In Progress
A15: 12 | B15: Fix Date Formats — Legacy System Dates | C15: Phase 4 | D15: Sunita Verma | E15: Quality Assur. | F15: 45341 | G15: 45348 | H15: =IF(OR(F15="",G15=""),"",G15-F15) -> 7 | I15: =IFERROR(IF(VALUE(SUBSTITUTE(SUBSTITUTE(J15,"%","")," ",""))<=0,"Not Started",IF(VALUE(SUBSTITUTE(SUBSTITUTE(J15,"%","")," ",""))>=100,"Completed","In Progress")),"Not Started") -> In Progress | J15: 0.75 | K15: High | L15: 4200 | M15: 0 | N15: =IF(OR(L15="",H15=""),"",L15*H15) -> 29400 | O15: Pending review | P15: =IFERROR(IF(VALUE(SUBSTITUTE(SUBSTITUTE(J15,"%","")," ",""))>=100,"Completed",IF(VALUE(SUBSTITUTE(SUBSTITUTE(J15,"%","")," ",""))<=0,"Not Started","In Progress")),"Not Started") -> In Progress
... A123: 120 | B123: Combine & Reconcile Columns — Address | C123: Phase 4 | D123: Lakshmi Nair | E123: PMO | F123: 45386 | G123: 45398 | H123: =IF(OR(F123="",G123=""),"",G123-F123) -> 12 | I123: =IFERROR(IF(VALUE(SUBSTITUTE(SUBSTITUTE(J123,"%","")," ",""))<=0,"Not Started",IF(VALUE(SUBSTITUTE(SUBSTITUTE(J123,"%","")," ",""))>=100,"Completed","In Progress")),"Not Started") -> In Progress | J123: 0.5 | K123: High | L123: 4200 | M123: 80 | N123: =IF(OR(L123="",H123=""),"",L123*H123) -> 50400 | O123: Needs validation | P123: =IFERROR(IF(VALUE(SUBSTITUTE(SUBSTITUTE(J123,"%","")," ",""))>=100,"Completed",IF(VALUE(SUBSTITUTE(SUBSTITUTE(J123,"%","")," ",""))<=0,"Not Started","In Progress")),"Not Started") -> In Progress

Sheet Gantt Chart
A1: GANTT CHART — Data Cleaning for Excel Dashboard Development | January 2024 – June 2024 | 4 Phases | 10 Techniques
E2: ← Back to Project Overview
A3: # | B3: Task / Technique | C3: Phase | D3: Owner | E3: Start | F3: End | G3: Days | H3: Status | I3: % Done | J3: Priority | K3: January 2024 | O3: February 2024 | S3: March 2024 | W3: April 2024 | AA3: May 2024 | AE3: June 2024
K4: W1 | L4: W2 | M4: W3 | N4: W4 | O4: W1 | P4: W2 | Q4: W3 | R4: W4 | S4: W1 | T4: W2 | U4: W3 | V4: W4 | W4: W1 | X4: W2 | Y4: W3 | Z4: W4 | AA4: W1 | AB4: W2 | AC4: W3 | AD4: W4 | AE4: W1 | AF4: W2 | AG4: W3 | AH4: W4
A6: PHASE 1 — Foundation Cleaning (Techniques 1–3)
A7: 1 | B7: Remove Duplicates — CRM Export Cleaning | C7: Phase 1 | D7: Priya Sharma | E7: 45292 | F7: 45306 | G7: 14 | H7: Completed | I7: 1 | J7: Critical
A8: 2 | B8: Trim Extra Spaces — Customer Name Import | C8: Phase 1 | D8: Rahul Mehta | E8: 45299 | F8: 45309 | G8: 10 | H8: Completed | I8: 1 | J8: Critical
A9: 3
A10: PHASE 2 — Structure & Format Cleaning (Techniques 4–6)
A11: 4 | B11: Fix Date Formats — Legacy System Dates | C11: Phase 2 | D11: Amit Roy | E11: 45320 | F11: 45334 | G11: 14 | H11: Completed | I11: 1 | J11: Critical
A12: 5 | B12: Handle Missing Values — Customer Database | C12: Phase 2 | D12: Sunita Verma | E12: 45327 | F12: 45341 | G12: 14 | H12: Completed | I12: 1 | J12: High
A13: 6
A14: PHASE 3 — Value Validation & Standardisation (Techniques 7–9)
A15: 7 | B15: Remove Non-Numeric Chars — Revenue Data | C15: Phase 3 | D15: Amit Roy | E15: 45355 | F15: 45369 | G15: 14 | H15: In Progress | I15: 0.4 | J15: Critical
A16: 8 | B16: Validate Data Ranges — HR Age Dataset | C16: Phase 3 | D16: Pooja Iyer | E16: 45362 | F16: 45376 | G16: 14 | H16: Not Started | I16: 0 | J16: High
A17: 9
A18: PHASE 4 — Data Consolidation & Final QA (Technique 10)
A19: 10 | B19: Combine & Reconcile Columns — Address | C19: Phase 4 | D19: Vikram Nair | E19: 45397 | F19: 45411 | G19: 14 | H19: Not Started | I19: 0 | J19: Medium
A21: LEGEND | B21: Phase 1 – Foundation | C21: Phase 2 – Structure | D21: Phase 3 – Validation | E21: Phase 4 – Final QA | F21: ■ Completed | G21: ■ In Progress | H21: ■ Not Started

Sheet Resource Planner
A1: RESOURCE ALLOCATION PLANNER — Data Cleaning Project | Team capacity, task assignments, workload & availability — Jan to Jun 2024
O2: ← Back to Project Overview
A3: # | B3: Resource Name | C3: Role | D3: Department | E3: Techniques Assigned | F3: Ph.1 | G3: Ph.2 | H3: Ph.3 | I3: Ph.4 | J3: Total Tasks | K3: Daily Rate (₹) | L3: Hours Alloc. | M3: Availability % | N3: Utilisation % | O3: Status
A4: 1 | B4: Priya Sharma | C4: Senior Data Analyst | D4: BI & Analytics | E4: COUNTIF, TRIM, CLEAN, VLOOKUP, ISBLANK | F4: 2 | G4: 2 | H4: 1 | I4: 0 | J4: =SUM(F4:I4) -> 5 | K4: 3500 | L4: 168 | M4: 0.9 | N4: =IF(L4=0,0,L4/168) -> 1 | O4: Active
A5: 2 | B5: Rahul Mehta | C5: BI Developer | D5: Business Intel. | E5: UPPER/LOWER/PROPER, TEXTSPLIT, LEFT/MID | F5: 1 | G5: 1 | H5: 1 | I5: 0 | J5: =SUM(F5:I5) -> 3 | K5: 4000 | L5: 140 | M5: 0.8 | N5: =IF(L5=0,0,L5/168) -> 0.83333333 | O5: Active
A6: 3 | B6: Amit Roy | C6: Data Engineer | D6: Data Platform | E6: DATEVALUE, VALUE, DATE, TEXTJOIN | F6: 0 | G6: 1 | H6: 1 | I6: 1 | J6: =SUM(F6:I6) -> 3 | K6: 4200 | L6: 160 | M6: 0.95 | N6: =IF(L6=0,0,L6/168) -> 0.95238095 | O6: Active
A7: 4 | B7: Sunita Verma | C7: QA Analyst | D7: Quality Assur. | E7: IFERROR, ISBLANK, AVERAGEIFS, IF, AND | F7: 0 | G7: 1 | H7: 1 | I7: 1 | J7: =SUM(F7:I7) -> 3 | K7: 3000 | L7: 120 | M7: 0.7 | N7: =IF(L7=0,0,L7/168) -> 0.71428571 | O7: Active
A8: 5 | B8: Karan Malhotra | C8: Project Manager | D8: PMO | E8: Project Planning, Reporting, Stakeholder | F8: 1 | G8: 1 | H8: 1 | I8: 1 | J8: =SUM(F8:I8) -> 4 | K8: 5000 | L8: 80 | M8: 0.6 | N8: =IF(L8=0,0,L8/168) -> 0.47619048 | O8: Active
A9: 6 | B9: Deepa Krishnan | C9: Junior Data Analyst | D9: BI & Analytics | E9: TRIM, CLEAN, VLOOKUP, COUNTIF | F9: 1 | G9: 1 | H9: 0 | I9: 0 | J9: =SUM(F9:I9) -> 2 | K9: 2000 | L9: 80 | M9: 1 | N9: =IF(L9=0,0,L9/168) -> 0.47619048 | O9: Active
A10: 7 | B10: Neha Joshi | C10: Data Architect | D10: Data Platform | E10: Data Modelling, ETL, Schema, Validation | F10: 0 | G10: 0 | H10: 1 | I10: 1 | J10: =SUM(F10:I10) -> 2 | K10: 5500 | L10: 60 | M10: 0.5 | N10: =IF(L10=0,0,L10/168) -> 0.35714286 | O10: Part-time
A11: TOTALS / AVERAGES | F11: =SUM(F4:F10) -> 5 | G11: =SUM(G4:G10) -> 7 | H11: =SUM(H4:H10) -> 6 | I11: =SUM(I4:I10) -> 4 | J11: =SUM(J4:J10) -> 22 | K11: =AVERAGE(K4:K10) -> 3885.7143 | L11: =SUM(L4:L10) -> 808 | M11: =AVERAGE(M4:M10) -> 0.77857143 | N11: =AVERAGE(N4:N10) -> 0.68707483
A13: WORKLOAD SUMMARY BY PHASE
A14: Resource | B14: Phase 1 | C14: Phase 2 | D14: Phase 3 | E14: Phase 4 | F14: Total Tasks | G14: Hours | H14: Util %
A15: Priya Sharma | B15: 2 | C15: 2 | D15: 1 | E15: 0 | F15: 5 | G15: 168 | H15: =N4 -> 1
A16: Rahul Mehta | B16: 1 | C16: 1 | D16: 1 | E16: 0 | F16: 3 | G16: 140 | H16: =N5 -> 0.83333333
A17: Amit Roy | B17: 0 | C17: 1 | D17: 1 | E17: 1 | F17: 3 | G17: 160 | H17: =N6 -> 0.95238095
A18: Sunita Verma | B18: 0 | C18: 1 | D18: 1 | E18: 1 | F18: 3 | G18: 120 | H18: =N7 -> 0.71428571
A19: Karan Malhotra | B19: 1 | C19: 1 | D19: 1 | E19: 1 | F19: 4 | G19: 80 | H19: =N8 -> 0.47619048
A20: Deepa Krishnan | B20: 1 | C20: 1 | D20: 0 | E20: 0 | F20: 2 | G20: 80 | H20: =N9 -> 0.47619048
A21: Neha Joshi | B21: 0 | C21: 0 | D21: 1 | E21: 1 | F21: 2 | G21: 60 | H21: =N10 -> 0.35714286

Sheet Task Tracker
A1: TASK TRACKER — Data Cleaning for Excel Dashboard | Detailed task log with formulas, dependencies, review dates & completion tracking
K2: ← Back to Project Overview
A3: # | B3: Technique / Task | C3: Phase | D3: Owner | E3: Priority | F3: Start Date | G3: End Date | H3: Duration | I3: Status | J3: % Complete | K3: Notes / Formula Used | L3: Dependency | M3: Review Date | N3: Live Formula | O3: Sample Data (reference)
A4: 1 | B4: Remove Duplicates — CRM Export Cleaning | C4: Phase 1 | D4: Priya Sharma | E4: Critical | F4: 45292 | G4: 45306 | H4: =IF(OR(F4="",G4=""),"",G4-F4) -> 14 | I4: =IFERROR(IF(VALUE(SUBSTITUTE(SUBSTITUTE(J4,"%","")," ",""))<=0,"Not Started",IF(VALUE(SUBSTITUTE(SUBSTITUTE(J4,"%","")," ",""))>=1,"Completed","In Progress")),"Not Started") -> Completed | J4: 1 | K4: COUNTIF($A$2:$A2,A2)>1 | Data > Remove Duplicates | L4: None | M4: 45308 | N4: =COUNTIF($O$4:O4,O4)>1 -> FALSE | O4: ORD-1001
A5: 2 | B5: Trim Extra Spaces — Customer Name Import | C5: Phase 1 | D5: Rahul Mehta | E5: Critical | F5: 45299 | G5: 45309 | H5: =IF(OR(F5="",G5=""),"",G5-F5) -> 10 | I5: =IFERROR(IF(VALUE(SUBSTITUTE(SUBSTITUTE(J5,"%","")," ",""))<=0,"Not Started",IF(VALUE(SUBSTITUTE(SUBSTITUTE(J5,"%","")," ",""))>=1,"Completed","In Progress")),"Not Started") -> Completed | J5: 1 | K5: TRIM(CLEAN(A2)) | L5: Task 1 | M5: 45311 | N5: =TRIM(CLEAN(O5)) -> Priya Sharma | O5: Priya Sharma
A6: 3 | B6: Standardize Text Case — Region Codes | C6: Phase 1 | D6: Neha Joshi | E6: High | F6: 45306 | G6: 45316 | H6: =IF(OR(F6="",G6=""),"",G6-F6) -> 10 | I6: =IFERROR(IF(VALUE(SUBSTITUTE(SUBSTITUTE(J6,"%","")," ",""))<=0,"Not Started",IF(VALUE(SUBSTITUTE(SUBSTITUTE(J6,"%","")," ",""))>=1,"Completed","In Progress")),"Not Started") -> Completed | J6: 1 | K6: PROPER(A2) | UPPER(A2) | LOWER(A2) | L6: Task 2 | M6: 45318 | N6: =PROPER(O6) -> North West | O6: north west
A7: 4 | B7: Fix Date Formats — Legacy System Dates | C7: Phase 2 | D7: Amit Roy | E7: Critical | F7: 45320 | G7: 45334 | H7: =IF(OR(F7="",G7=""),"",G7-F7) -> 14 | I7: =IFERROR(IF(VALUE(SUBSTITUTE(SUBSTITUTE(J7,"%","")," ",""))<=0,"Not Started",IF(VALUE(SUBSTITUTE(SUBSTITUTE(J7,"%","")," ",""))>=1,"Completed","In Progress")),"Not Started") -> Completed | J7: 1 | K7: DATEVALUE(A2) | DATE(RIGHT,MID,LEFT) | L7: Task 3 | M7: 45336 | N7: =DATEVALUE(O7) -> 45320 | O7: 2024-01-29
A8: 5 | B8: Handle Missing Values — Customer Database | C8: Phase 2 | D8: Sunita Verma | E8: High | F8: 45327 | G8: 45341 | H8: =IF(OR(F8="",G8=""),"",G8-F8) -> 14 | I8: =IFERROR(IF(VALUE(SUBSTITUTE(SUBSTITUTE(J8,"%","")," ",""))<=0,"Not Started",IF(VALUE(SUBSTITUTE(SUBSTITUTE(J8,"%","")," ",""))>=1,"Completed","In Progress")),"Not Started") -> Completed | J8: 1 | K8: IF(ISBLANK(A2),"Unknown",A2) | L8: Task 4 | M8: 45343 | N8: =IF(O8="","Unknown",O8) -> Unknown
A9: 6 | B9: Split Combined Columns — Contact Database | C9: Phase 2 | D9: Karan Malhotra | E9: Medium | F9: 45334 | G9: 45346 | H9: =IF(OR(F9="",G9=""),"",G9-F9) -> 12 | I9: =IFERROR(IF(VALUE(SUBSTITUTE(SUBSTITUTE(J9,"%","")," ",""))<=0,"Not Started",IF(VALUE(SUBSTITUTE(SUBSTITUTE(J9,"%","")," ",""))>=1,"Completed","In Progress")),"Not Started") -> In Progress | J9: 0.65 | K9: LEFT(A2,FIND(" ",A2)-1) | MID(A2,FIND(...)) | L9: Task 5 | M9: 45348 | N9: =LEFT(O9,FIND(" ",O9)-1) -> Karan | O9: Karan Malhotra
A10: 7 | B10: Remove Non-Numeric Chars — Revenue Data | C10: Phase 3 | D10: Amit Roy | E10: Critical | F10: 45355 | G10: 45369 | H10: =IF(OR(F10="",G10=""),"",G10-F10) -> 14 | I10: =IFERROR(IF(VALUE(SUBSTITUTE(SUBSTITUTE(J10,"%","")," ",""))<=0,"Not Started",IF(VALUE(SUBSTITUTE(SUBSTITUTE(J10,"%","")," ",""))>=1,"Completed","In Progress")),"Not Started") -> In Progress | J10: 0.4 | K10: VALUE(SUBSTITUTE(SUBSTITUTE(A2,"Rs. ",""),",","")) | L10: Task 6 | M10: 45371 | N10: =VALUE(SUBSTITUTE(SUBSTITUTE(O10,"Rs. ",""),",","")) -> 1 | O10: Rs. 1
A11: 8 | B11: Validate Data Ranges — HR Age Dataset | C11: Phase 3 | D11: Pooja Iyer | E11: High | F11: 45362 | G11: 45376 | H11: =IF(OR(F11="",G11=""),"",G11-F11) -> 14 | I11: =IFERROR(IF(VALUE(SUBSTITUTE(SUBSTITUTE(J11,"%","")," ",""))<=0,"Not Started",IF(VALUE(SUBSTITUTE(SUBSTITUTE(J11,"%","")," ",""))>=1,"Completed","In Progress")),"Not Started") -> Not Started | J11: 0 | K11: IF(AND(A2>=18,A2<=65),"Valid","Invalid") | L11: Task 7 | M11: 45378 | N11: =IF(AND(O11>=18,O11<=65),"Valid","Invalid") -> Valid | O11: 45
A12: 9 | B12: Standardize Category Labels — Product SKU | C12: Phase 3 | D12: Siddharth Rao | E12: High | F12: 45369 | G12: 45383 | H12: =IF(OR(F12="",G12=""),"",G12-F12) -> 14 | I12: =IFERROR(IF(VALUE(SUBSTITUTE(SUBSTITUTE(J12,"%","")," ",""))<=0,"Not Started",IF(VALUE(SUBSTITUTE(SUBSTITUTE(J12,"%","")," ",""))>=1,"Completed","In Progress")),"Not Started") -> Not Started | J12: 0 | K12: IFERROR(VLOOKUP(UPPER(A2),MapTable,2,0),PROPER(A2)) | L12: Task 8 | M12: 45385 | N12: =PROPER(UPPER(O12)) -> Electronics | O12: electronics
A13: 10 | B13: Combine & Reconcile Columns — Address | C13: Phase 4 | D13: Vikram Nair | E13: Medium | F13: 45397 | G13: 45411 | H13: =IF(OR(F13="",G13=""),"",G13-F13) -> 14 | I13: =IFERROR(IF(VALUE(SUBSTITUTE(SUBSTITUTE(J13,"%","")," ",""))<=0,"Not Started",IF(VALUE(SUBSTITUTE(SUBSTITUTE(J13,"%","")," ",""))>=1,"Completed","In Progress")),"Not Started") -> Not Started | J13: 0 | K13: TEXTJOIN(", ",TRUE,B2,C2,D2) | L13: Task 9 | M13: 45413 | N13: =O13&", Mumbai, 400001" -> 123 Main St, Mumbai, 400001 | O13: 123 Main St
A16: ADDED VALUE DETAILS | F16: STATUS SUMMARY
A17: Name | B17: Column | C17: Detail | D17: Value | F17: Status | G17: Count
A18: Duplicate Count | B18: B | C18: Duplicate names in tasks | D18: =IFERROR(SUMPRODUCT((COUNTIF($B$4:$B$500,$B$4:$B$500)>1)*1)/2,0) -> 1 | F18: Completed | G18: =COUNTIF($I$4:$I$13,"Completed") -> 5
A19: Avg Revenue (K) | B19: N | C19: Average cleaned revenue / 1000 | D19: =IFERROR(ROUND(AVERAGE('Cleaned Data'!$N$4:$N$500)/1000,2),0) -> 55.97 | F19: In Progress | G19: =COUNTIF($I$4:$I$13,"In Progress") -> 2
A20: Total Revenue (Lakh) | B20: N | C20: Total cleaned revenue / 100000 | D20: =IFERROR(ROUND(SUM('Cleaned Data'!$N$4:$N$500)/100000,2),0) -> 67.16 | F20: Not Started | G20: =COUNTIF($I$4:$I$13,"Not Started") -> 3
A21: Completion % | B21: I | C21: Completed tasks ratio x 100 | D21: =IFERROR(ROUND((COUNTIF($I$4:$I$13,"Completed")/COUNTA($A$4:$A$13))*100,2),0) -> 50
A22: On Track % | B22: P | C22: In-progress tasks ratio x 100 | D22: =IFERROR(ROUND((COUNTIF($I$4:$I$13,"In Progress")/COUNTA($A$4:$A$13))*100,2),0) -> 20

Sheet Checklist
A1: DASHBOARD READINESS CHECKLIST — Pre-Deployment Quality Gate | Verify all 10 items before connecting cleaned dataset to the Excel Dashboard
F2: ← Back to Project Overview
A3: # | B3: Checklist Item | C3: How to Verify | D3: Responsible | E3: Due Date | F3: Status
A4: 1 | B4: No duplicate rows | C4: COUNTIF on key column — all values = 1 | D4: Priya Sharma | E4: 45313 | F4: Completed
A5: 2 | B5: No extra spaces in text fields | C5: LEN(TRIM(A2))=LEN(A2) is TRUE for all rows | D5: Rahul Mehta | E5: 45313 | F5: Completed
A6: 3 | B6: Consistent text casing | C6: Unique values in category cols match expected list | D6: Neha Joshi | E6: 45327 | F6: Completed
A7: 4 | B7: All dates are true date serials | C7: ISNUMBER(A2)=TRUE for all date cells | D7: Amit Roy | E7: 45327 | F7: Completed
A8: 5 | B8: No unexpected blank cells | C8: COUNTBLANK returns 0 for all mandatory columns | D8: Sunita Verma | E8: 45341 | F8: Completed
A9: 6 | B9: All numeric fields are numbers | C9: ISNUMBER returns TRUE; no left-aligned numbers | D9: Karan Malhotra | E9: 45358 | F9: In Progress
A10: 7 | B10: Category labels standardised | C10: Pivot on category col; unique count matches expected | D10: Siddharth Rao | E10: 45372 | F10: In Progress
A11: 8 | B11: No out-of-range values | C11: MIN and MAX match expected bounds for each numeric col | D11: Pooja Iyer | E11: 45372 | F11: Not Started
A12: 9 | B12: Data formatted as Excel Table | C12: Ctrl+T applied — enables dynamic named ranges | D12: Deepa Krishnan | E12: 45387 | F12: Not Started
A13: 10 | B13: Backup of raw data retained | C13: Original sheet or workbook copy preserved before cleaning | D13: Vikram Nair | E13: 45292 | F13: Completed
A17: STATUS SUMMARY | B17: Count
A18: Completed | B18: =COUNTIF($F$4:$F$13,"Completed") -> 6
A19: In Progress | B19: =COUNTIF($F$4:$F$13,"In Progress") -> 2
A20: Not Started | B20: =COUNTIF($F$4:$F$13,"Not Started") -> 2

Sheet  Dashboard
A1: PROJECT DASHBOARD
A4: Total Techniques | D4: Completed | G4: In Progress | J4: Not Started
A6: ='Project Overview'!A18 -> 10 | D6: ='Project Overview'!B18 -> 5 | G6: ='Project Overview'!C18 -> 2 | J6: ='Project Overview'!D18 -> 3
A10: Project Summary
A11: Dashboard Source | B11: Project Overview
A12: Planning Sheet | B12: Gantt Chart
A13: Resource Allocation | B13: Resource Planner
A14: Task Monitoring | B14: Task Tracker
J17: ← Back to Project Overview
A20: Status | B20: Count
A21: Completed | B21: ='Project Overview'!B18 -> 5
A22: In Progress | B22: ='Project Overview'!C18 -> 2
A23: Not Started | B23: ='Project Overview'!D18 -> 3

Sheet Dashboard_1
Z1: Status | AA1: Count | AB1: Phase | AC1: Revenue | AD1: Department | AE1: Tasks | AF1: Priority | AG1: Count | AH1: Person | AI1: Avg %
B2: 📊 PROJECT CLEAN DATA DASHBOARD | Z2: In Progress | AA2: 97 | AB2: Phase 1 | AC2: 1944500 | AD2: Quality Assur. | AE2: 25 | AF2: Critical | AG2: 38 | AH2: Priya Sharma | AI2: 68
Z3: Not Started | AA3: 23 | AB3: Phase 2 | AC3: 1624100 | AD3: PMO | AE3: 25 | AF3: High | AG3: 29 | AH3: Ananya Singh | AI3: 61.4
B4: Built from 120 Cleaned Records • Data Cleaning Project • Interactive Analytics | Z4: Completed | AA4: 0 | AB4: Phase 3 | AC4: 1622400 | AD4: BI & Analytics | AE4: 24 | AF4: Medium | AG4: 25 | AH4: Neha Joshi | AI4: 56.1
AB5: Phase 4 | AC5: 1525000 | AD5: Business Intel. | AE5: 23 | AF5: Low | AG5: 28 | AH5: Arjun Pillai | AI5: 55.6
AD6: Data Platform | AE6: 23 | AH6: Sunita Verma | AI6: 55.5
AH7: Pooja Iyer | AI7: 54.4
AH8: Karan Malhotra | AI8: 52.1
B9: 120 | F9: 97 | J9: 23 | N9: 0 | R9: ₹67.2L | V9: 50% | AH9: Lakshmi Nair | AI9: 52
B10: Total Tasks | F10: In Progress | J10: Not Started | N10: Completed | R10: Total Revenue | V10: Avg Completion
B11: All cleaned records | F11: Currently active tasks | J11: Pending tasks | N11: Finished tasks | R11: Projected revenue | V11: Across all tasks
B15: ▌ INTERACTIVE ANALYTICS — Based on 120 Cleaned Records
B53: ▌ CLEANED DATA SUMMARY TABLE — Top 15 Records by Revenue
B55: # | C55: Task / Technique | G55: Phase | I55: Assigned To | K55: Department | M55: Status | O55: Priority | Q55: % Complete | S55: Revenue (₹)
B56: 1 | C56: Remove Non-Numeric Chars — Revenue Data | G56: Phase 1 | I56: Arjun Pillai | K56: Business Intel. | M56: In Progress | O56: High | Q56: 25% | S56: ₹154,000
B57: 2 | C57: Trim Extra Spaces — Customer Name Import | G57: Phase 2 | I57: Rohit Gupta | K57: Business Intel. | M57: In Progress | O57: Medium | Q57: 40% | S57: ₹154,000
B58: 3 | C58: Remove Non-Numeric Chars — Revenue Data | G58: Phase 3 | I58: Amit Roy | K58: Business Intel. | M58: Not Started | O58: Low | Q58: 0% | S58: ₹140,000
B59: 4 | C59: Standardize Text Case — Region Codes | G59: Phase 1 | I59: Neha Joshi | K59: Data Platform | M59: In Progress | O59: Low | Q59: 75% | S59: ₹140,000
B60: 5 | C60: Handle Missing Values — Customer Databas | G60: Phase 1 | I60: Arjun Pillai | K60: PMO | M60: Not Started | O60: Critical | Q60: 0% | S60: ₹117,600
B61: 6 | C61: Split Combined Columns — Contact Databas | G61: Phase 2 | I61: Deepa Krishnan | K61: BI & Analytics | M61: Not Started | O61: Critical | Q61: 0% | S61: ₹115,500
B62: 7 | C62: Remove Non-Numeric Chars — Revenue Data | G62: Phase 3 | I62: Rohit Gupta | K62: Business Intel. | M62: Not Started | O62: Critical | Q62: 0% | S62: ₹115,500
B63: 8 | C63: Standardize Text Case — Region Codes | G63: Phase 1 | I63: Amit Roy | K63: Data Platform | M63: Not Started | O63: High | Q63: 0% | S63: ₹112,000
B64: 9 | C64: Standardize Category Labels — Product SK | G64: Phase 1 | I64: Deepa Krishnan | K64: Quality Assur. | M64: In Progress | O64: Low | Q64: 75% | S64: ₹112,000
B65: 10 | C65: Standardize Text Case — Region Codes | G65: Phase 3 | I65: Vikram Nair | K65: Data Platform | M65: Not Started | O65: High | Q65: 0% | S65: ₹112,000
B66: 11 | C66: Validate Data Ranges — HR Age Dataset | G66: Phase 2 | I66: Neha Joshi | K66: Data Platform | M66: In Progress | O66: High | Q66: 40% | S66: ₹105,000
B67: 12 | C67: Standardize Text Case — Region Codes | G67: Phase 1 | I67: Neha Joshi | K67: Data Platform | M67: In Progress | O67: High | Q67: 100% | S67: ₹105,000
... B70: 15 | C70: Validate Data Ranges — HR Age Dataset | G70: Phase 4 | I70: Karan Malhotra | K70: Data Platform | M70: Not Started | O70: Low | Q70: 0% | S70: ₹98,000
B72: Dashboard built from Cleaned Data sheet • 120 records • Data Cleaning Project 2024

Sheet KPI
A2: PROJECT MANAGEMENT | KPI BUSINESS METRICS DASHBOARD
B4: PROJECT EXECUTION METRICS
K5: ← Back to Project Overview
B6: TOTAL TECHNIQUES | D6: COMPLETED | F6: IN PROGRESS | H6: NOT STARTED
B7: ='Project Overview'!A18 -> 10 | D7: ='Project Overview'!B18 -> 5 | F7: ='Project Overview'!C18 -> 2 | H7: ='Project Overview'!D18 -> 3
B8: Techniques in scope | D8: Techniques finished | F8: Currently active | H8: Yet to begin
B9: FINANCIAL & TEAM METRICS
B11: TOTAL REVENUE (Rs.) | D11: AVG REVENUE / TASK | F11: TEAM SIZE | H11: TOTAL HOURS ALLOC.
B12: =ROUND(SUM('Cleaned Data'!N4:N500),0) -> 6716000 | D12: =IFERROR(ROUND(AVERAGE('Cleaned Data'!N4:N500),0),0) -> 55967 | F12: =COUNTA('Resource Planner'!B4:B10) -> 7 | H12: =SUM('Resource Planner'!L4:L10) -> 808
B13: Cleaned data revenue total | D13: Average per cleaned task | F13: Active resources | H13: Hours allocated across team
B14: PRIORITY & PROGRESS METRICS
B16: CRITICAL TASKS | D16: OVERALL PROGRESS | F16: AVG DAILY RATE (Rs.) | H16: PHASES IN SCOPE
B17: =COUNTIF('Task Tracker'!E4:E13,"Critical") -> 4 | D17: =TEXT('Project Overview'!E18,"0%") -> 50% | F17: =ROUND(AVERAGE('Resource Planner'!K4:K10),0) -> 3886 | H17: =COUNTA('Gantt Chart'!C4:C13)-SUMPRODUCT((LEN('Gantt Chart'!C4:C13)=0)*1) -> -2
B18: High-urgency techniques | D18: Completion rate (all techniques) | F18: Average team daily rate | H18: Total technique records
B19: PHASE BREAKDOWN | K19: TEAM UTILISATION
B20: PHASE | D20: TOTAL TASKS | F20: COMPLETED | H20: STATUS | K20: RESOURCE | M20: UTIL %
B21: Phase 1 — Foundation | D21: =COUNTIF('Task Tracker'!C4:C13,"Phase 1") -> 3 | F21: =COUNTIF('Task Tracker'!C4:C13,"Phase 1")-SUMPRODUCT(('Task Tracker'!C4:C13="Phase 1")*('Task Tracker'!I4:I13<>"Completed")) -> 3 | H21: =IF(SUMPRODUCT(('Task Tracker'!C4:C13="Phase 1")*('Task Tracker'!I4:I13="Completed"))=COUNTIF('Task Tracker'!C4:C13,"Phase 1"),"Complete",IF(SUMPRODUCT(('Task Tracker'!C4:C13="Phase 1")*('Task Tracker'!I4:I13="Completed"))=0,"Not Started","In Progress")) -> Complete | K21: ='Resource Planner'!B4 -> Priya Sharma | M21: =TEXT('Resource Planner'!N4,"0%") -> 100%
B22: Phase 2 — Structure | D22: =COUNTIF('Task Tracker'!C4:C13,"Phase 2") -> 3 | F22: =SUMPRODUCT(('Task Tracker'!C4:C13="Phase 2")*('Task Tracker'!I4:I13="Completed")) -> 2 | H22: =IF(SUMPRODUCT(('Task Tracker'!C4:C13="Phase 2")*('Task Tracker'!I4:I13="Completed"))=COUNTIF('Task Tracker'!C4:C13,"Phase 2"),"Complete",IF(SUMPRODUCT(('Task Tracker'!C4:C13="Phase 2")*('Task Tracker'!I4:I13="Completed"))=0,"Not Started","In Progress")) -> In Progress | K22: ='Resource Planner'!B5 -> Rahul Mehta | M22: =TEXT('Resource Planner'!N5,"0%") -> 83%
B23: Phase 3 — Validation | D23: =COUNTIF('Task Tracker'!C4:C13,"Phase 3") -> 3 | F23: =SUMPRODUCT(('Task Tracker'!C4:C13="Phase 3")*('Task Tracker'!I4:I13="Completed")) -> 0 | H23: =IF(SUMPRODUCT(('Task Tracker'!C4:C13="Phase 3")*('Task Tracker'!I4:I13="Completed"))=COUNTIF('Task Tracker'!C4:C13,"Phase 3"),"Complete",IF(SUMPRODUCT(('Task Tracker'!C4:C13="Phase 3")*('Task Tracker'!I4:I13="Completed"))=0,"Not Started","In Progress")) -> Not Started | K23: ='Resource Planner'!B6 -> Amit Roy | M23: =TEXT('Resource Planner'!N6,"0%") -> 95%
B24: Phase 4 — Final QA | D24: =COUNTIF('Task Tracker'!C4:C13,"Phase 4") -> 1 | F24: =SUMPRODUCT(('Task Tracker'!C4:C13="Phase 4")*('Task Tracker'!I4:I13="Completed")) -> 0 | H24: =IF(SUMPRODUCT(('Task Tracker'!C4:C13="Phase 4")*('Task Tracker'!I4:I13="Completed"))=COUNTIF('Task Tracker'!C4:C13,"Phase 4"),"Complete",IF(SUMPRODUCT(('Task Tracker'!C4:C13="Phase 4")*('Task Tracker'!I4:I13="Completed"))=0,"Not Started","In Progress")) -> Not Started | K24: ='Resource Planner'!B7 -> Sunita Verma | M24: =TEXT('Resource Planner'!N7,"0%") -> 71%
K25: ='Resource Planner'!B8 -> Karan Malhotra | M25: =TEXT('Resource Planner'!N8,"0%") -> 48%
K26: ='Resource Planner'!B9 -> Deepa Krishnan | M26: =TEXT('Resource Planner'!N9,"0%") -> 48%
K27: ='Resource Planner'!B10 -> Neha Joshi | M27: =TEXT('Resource Planner'!N10,"0%") -> 36%
A33: Data sourced from: Task Tracker | Resource Planner | Cleaned Data | Project Overview
